id	plan	departamento	area	curso	semestre	mencion	horarioID	examenID	nombre	siglas
21714001	1714	C139	650	1	2	NULL	21714001	21714001	Organización y Gestión de Empresas	OGE
21714001	1725	C139	650	2	1	NULL	21714001	21714001	Organización y Gestión de Empresas	OGE
21714002	1714	C146	265	1	2	NULL	21714002	21714002	Estadística	EST
21714002	1725	C146	265	1	2	NULL	21714002	21714002	Estadística	EST
21714003	1714	C140	250	1	1	NULL	21714003	21714003	Fundamentos Físicos y Electrónicos de la Informática	FFE
21714003	1725	C140	250	1	2	NULL	21714003	21714003	Fundamentos Físicos y Electrónicos de la Informática	FFE
21714004	1714	C140	35	1	2	NULL	21714004	21714004	Fundamentos de Estructura de Computadores	FEC
21714004	1725	C140	35	1	2	NULL	21714004	21714004	Fundamentos de Estructura de Computadores	FEC
21714005	1714	C137	570	1	1	NULL	21714005	21714005	Informática General	IG
21714005	1725	C137	570	1	1	NULL	21714005	21714005	Informática General	IG
21714006	1714	C137	570	1	1	NULL	21714006	21714006	Introducción a la Programación	IP
21714006	1725	C137	570	1	1	NULL	21714006	21714006	Introducción a la Programación	IP
21714007	1714	C137	570	1	2	NULL	21714007	21714007	Metodología de la Programación	MP
21714007	1725	C137	570	1	2	NULL	21714007	21714007	Metodología de la Programación	MP
21714008	1714	C101	595	1	2	NULL	21714008	21714008	Álgebra	ALG
21714008	1725	C101	595	1	2	NULL	21714008	21714008	Álgebra	ALG
21714009	1714	C101	595	1	1	NULL	21714009	21714009	Cálculo	CAL
21714009	1725	C101	595	1	1	NULL	21714009	21714009	Cálculo	CAL
21714010	1714	C101	595	1	1	NULL	21714010	21714010	Matemática Discreta	MD
21714010	1725	C101	595	1	1	NULL	21714010	21714010	Matemática Discreta	MD
21714011	1714	C137	570	2	2	NULL	21714011	21714011	Bases de Datos	BD
21714011	1725	C137	570	2	2	NULL	21714011	21714011	Bases de Datos	BD
21714012	1714	C137	570	2	2	NULL	21714012	21714012	Ingeniería del Software	IS
21714012	1725	C137	570	2	2	NULL	21714012	21714012	Ingeniería del Software	IS
21714013	1714	C137	570	2	1	NULL	21714013	21714013	Inteligencia Artificial	IA
21714013	1725	C137	570	3	1	NULL	21714013	21714013	Inteligencia Artificial	IA
21714014	1714	C137	570	2	1	NULL	21714014	21714014	Análisis de Algoritmos y Estructura de Datos	AAED
21714014	1725	C137	570	2	1	NULL	21714014	21714014	Análisis de Algoritmos y Estructura de Datos	AAED
21714015	1714	C137	570	3	1	NULL	21714015	21714015	Diseño de Algoritmos	DA
21714015	1725	C137	570	3	1	NULL	21714015	21714015	Diseño de Algoritmos	DA
21714016	1714	C137	570	2	2	NULL	21714016	21714016	Estructura de Datos no Lineales	EDNL
21714016	1725	C137	570	2	2	NULL	21714016	21714016	Estructura de Datos no Lineales	EDNL
21714017	1714	C137	570	2	2	NULL	21714017	21714017	Programación Orientada a Objetos	POO
21714017	1725	C137	570	2	2	NULL	21714017	21714017	Programación Orientada a Objetos	POO
21714018	1714	C137	570	4	2	NULL	21714018	21714018	Proyectos Informáticos	PINF
21714018	1725	C137	570	3	1	NULL	21714018	21714018	Proyectos Informáticos	PINF
21714019	1714	C140	35	2	1	NULL	21714019	21714019	Arquitectura de Computadores	AC
21714019	1725	C140	35	2	1	NULL	21714019	21714019	Arquitectura de Computadores	AC
21714020	1714	C137	75	2	1	NULL	21714020	21714020	Programación Concurrente y de Tiempo Real	PCTR
21714020	1725	C137	75	3	1	NULL	21714020	21714020	Programación Concurrente y de Tiempo Real	PCTR
21714021	1714	C140	35	2	2	NULL	21714021	21714021	Redes de Computadores	RC
21714021	1725	C140	35	2	1	NULL	21714021	21714021	Redes de Computadores	RC
21714022	1714	C137	570	3	2	NULL	21714022	21714022	Sistemas Distribuidos	SD
21714022	1725	C137	570	2	2	NULL	21714022	21714022	Sistemas Distribuidos	SD
21714023	1714	C137	570	2	1	NULL	21714023	21714023	Sistemas Operativos	SO
21714023	1725	C137	570	2	1	NULL	21714023	21714023	Sistemas Operativos	SO
21714024	1714	C137	75	3	2	17141	21714024	21714024	Complejidad Computacional	CC
21714024	1725	C137	75	4	1	17251	21714024	21714024	Complejidad Computacional	CC
21714025	1714	C137	570	3	1	17141	21714025	21714025	Modelos de Computación	MC
21714025	1725	C137	570	3	2	17251	21714025	21714025	Modelos de Computación	MC
21714026	1714	C137	570	3	2	17141	21714026	21714026	Procesadores de Lenguaje	PL
21714026	1725	C137	570	4	1	17251	21714026	21714026	Procesadores de Lenguaje	PL
21714027	1714	C137	570	3	1	17141	21714027	21714027	Teoría de Automátas y Lenguajes Formales	TALF
21714027	1725	C137	570	3	2	17251	21714027	21714027	Teoría de Automátas y Lenguajes Formales	TALF
21714028	1714	C137	75	3	2	17141	21714028	21714028	Aprendizaje Computacional	ApC
21714028	1725	C137	75	4	1	17251	21714028	21714028	Aprendizaje Computacional	ApC
21714029	1714	C137	570	3	2	17141	21714029	21714029	Percepción	P
21714029	1725	C137	570	4	1	17251	21714029	21714029	Percepción	P
21714030	1714	C137	75	3	1	17141	21714030	21714030	Reconocimiento de Patrones	RP
21714030	1725	C137	75	3	2	17251	21714030	21714030	Reconocimiento de Patrones	RP
21714031	1714	C137	570	3	1	17141	21714031	21714031	Sistemas Inteligentes	SI
21714031	1725	C137	570	3	2	17251	21714031	21714031	Sistemas Inteligentes	SI
21714032	1714	C140	35	3	2	17142	21714032	21714032	Arquitectura de Computadores Paralelos y Distribuidos	ACPD
21714032	1725	C140	35	4	1	17252	21714032	21714032	Arquitectura de Computadores Paralelos y Distribuidos	ACPD
21714033	1714	C137	570	3	2	17142	21714033	21714033	Programación Paralela y Distribuida	PPD
21714033	1725	C137	570	4	1	17252	21714033	21714033	Programación Paralela y Distribuida	PPD
21714034	1714	C140	35	3	2	17142	21714034	21714034	Diseño Avanzado de Arquitectura de Computadores	DAAC
21714034	1725	C140	35	4	1	17252	21714034	21714034	Diseño Avanzado de Arquitectura de Computadores	DAAC
21714035	1714	C140	520	3	1	17142	21714035	21714035	Diseño Basado en Microprocesadores	DBM
21714035	1725	C140	520	3	2	17252	21714035	21714035	Diseño Basado en Microprocesadores	DBM
21714036	1714	C140	35	3	1	17142	21714036	21714036	Diseño de Computadores Empotrados	DCE
21714036	1725	C140	35	3	2	17252	21714036	21714036	Diseño de Computadores Empotrados	DCE
21714037	1714	C140	35	3	1	17142	21714037	21714037	Técnicas de Diseño de Computadores	TDC
21714037	1725	C140	35	3	2	17252	21714037	21714037	Técnicas de Diseño de Computadores	TDC
21714038	1714	C137	570	3	2	17142	21714038	21714038	Administración y Seguridad de Redes de Computadores	ASRC
21714038	1725	C137	570	4	1	17252	21714038	21714038	Administración y Seguridad de Redes de Computadores	ASRC
21714039	1714	C140	35	3	1	17142	21714039	21714039	Diseño de Redes de Computadores	DRC
21714039	1725	C140	35	3	2	17252	21714039	21714039	Diseño de Redes de Computadores	DRC
21714040	1714	C137	570	3	1	17143	21714040	21714040	Diseño de Sistemas Software	DSS
21714040	1725	C137	570	3	2	17253	21714040	21714040	Diseño de Sistemas Software	DSS
21714041	1714	C137	570	3	1	17143	21714041	21714041	Ingeniería de Requisitos	IR
21714041	1725	C137	570	3	2	17253	21714041	21714041	Ingeniería de Requisitos	IR
21714042	1714	C137	570	3	1	17143	21714042	21714042	Verificación y Validación del Software	VVS
21714042	1725	C137	570	3	2	17253	21714042	21714042	Verificación y Validación del Software	VVS
21714043	1714	C137	570	3	2	17143	21714043	21714043	Calidad del Software	CS
21714043	1725	C137	570	4	1	17253	21714043	21714043	Calidad del Software	CS
21714044	1714	C137	570	3	2	17143	21714044	21714044	Dirección y Gestión de Proyectos Software	DGPS
21714044	1725	C137	570	4	1	17253	21714044	21714044	Dirección y Gestión de Proyectos Software	DGPS
21714045	1714	C137	570	3	2	17143	21714045	21714045	Metodologías y Procesos Software	MPS
21714045	1725	C137	570	4	1	17253	21714045	21714045	Metodologías y Procesos Software	MPS
21714046	1714	C137	570	3	2	17143	21714046	21714046	Evolución del Software	ES
21714046	1725	C137	570	4	1	17253	21714046	21714046	Evolución del Software	ES
21714047	1714	C137	570	3	1	17143	21714047	21714047	Implementación e Implantación de Sistemas Software	IISS
21714047	1725	C137	570	3	2	17253	21714047	21714047	Implementación e Implantación de Sistemas Software	IISS
21714048	1714	C137	570	3	1	17144	21714048	21714048	Desarrollo de Sistemas Hipermedia	DSH
21714048	1725	C137	570	3	2	17254	21714048	21714048	Desarrollo de Sistemas Hipermedia	DSH
21714049	1714	C137	570	3	1	17144	21714049	21714049	Programación en Internet	PNET
21714049	1725	C137	570	3	2	17254	21714049	21714049	Programación en Internet	PNET
21714050	1714	C137	570	3	2	17144	21714050	21714050	Recuperación de la Información	REC-INF
21714050	1725	C137	570	4	1	17254	21714050	21714050	Recuperación de la Información	REC-INF
21714051	1714	C137	570	3	2	17144	21714051	21714051	Ingeniería de Sistemas de Información	ISI
21714051	1725	C137	570	4	1	17254	21714051	21714051	Ingeniería de Sistemas de Información	ISI
21714052	1714	C139	650	3	1	17144	21714052	21714052	Sistemas de Información en la Empresa	SIE
21714052	1725	C139	650	3	2	17254	21714052	21714052	Sistemas de Información en la Empresa	SIE
21714053	1714	C137	570	3	2	17144	21714053	21714053	Administración de Bases de Datos	ABD
21714053	1725	C137	570	4	1	17254	21714053	21714053	Administración de Bases de Datos	ABD
21714054	1714	C137	570	3	1	17144	21714054	21714054	Tecnologías Avanzadas de Bases de Datos	TABD
21714054	1725	C137	570	3	2	17254	21714054	21714054	Tecnologías Avanzadas de Bases de Datos	TABD
21714055	1714	C137	570	3	2	17144	21714055	21714055	Tecnologías de Inteligencia de Negocio	TIN
21714055	1725	C137	570	4	1	17254	21714055	21714055	Tecnologías de Inteligencia de Negocio	TIN
21714056	1714	C137	570	3	2	17145	21714056	21714056	Administración de Servidores	AS
21714056	1725	C137	570	3	2	17255	21714056	21714056	Administración de Servidores	AS
21714057	1714	C140	35	3	1	17145	21714057	21714057	Interconexión de Redes	ICR
21714057	1725	C140	35	3	2	17255	21714057	21714057	Interconexión de Redes	ICR
21714058	1714	C137	570	3	1	17145	21714058	21714058	Calidad de los Sistemas Informáticos	CSI
21714058	1725	C137	570	4	1	17255	21714058	21714058	Calidad de los Sistemas Informáticos	CSI
21714059	1714	C137	570	3	2	17145	21714059	21714059	Seguridad en los Sistemas Informáticos	SSI
21714059	1725	C137	570	3	1	NULL	21714059	21714059	Seguridad en los Sistemas Informáticos	SSI
21714060	1714	C137	570	3	1	17145	21714060	21714060	Desarrollo de Sistemas Multimedia	DSM
21714061	1714	C137	570	3	2	17145	21714061	21714061	Ingeniería Web	IW
21714061	1725	C137	570	4	1	17255	21714061	21714061	Ingeniería Web	IW
21714062	1714	C137	570	3	2	17145	21714062	21714062	Internet y Negocio Electrónico	INE
21714062	1725	C137	570	4	1	17255	21714062	21714062	Internet y Negocio Electrónico	INE
21714063	1714	C137	570	3	1	17145	21714063	21714063	Programación Web	PW
21714063	1725	C137	570	3	2	17255	21714063	21714063	Programación Web	PW
21714064	1714	NULL	NULL	4	2	NULL	21714064	NULL	Trabajo Fin de Grado	TFG
21714064	1725	NULL	NULL	4	2	NULL	21714064	NULL	Trabajo Fin de Grado	TFG
21714080	1725	C137	570	3	2	17255	21714080	21714080	Interacción Persona-Ordenador	IPO
21714083	1714	NULL	NULL	4	1	NULL	NULL	NULL	Prácticas Curriculares	PC
21714083	1725	NULL	NULL	4	1	NULL	NULL	NULL	Prácticas Curriculares	PC
21714084	1725	C140	520	1	1	NULL	21714084	21714084	Sistemas Digitales	SDIG
21714085	1725	C137	570	4	1	17255	21714085	21714085	Virtualización de Sistemas	VS
21715001	1721	C101	595	1	1	NULL	21715001	21715001	Álgebra y Geometría	ALG
21715002	1721	C101	595	1	1	NULL	21715002	21715002	Cálculo	CAL
21715003	1721	C146	265	1	2	NULL	21715003	21715003	Estadística	EST
21715004	1721	C101	595	2	1	NULL	21715004	21715004	Ampliación de Matemáticas	AM
21715005	1721	C142	385	1	1	NULL	21715005	21715005	Física I	FIS1
21715006	1721	C142	385	1	2	NULL	21715006	21715006	Física II	FIS2
21715007	1721	C129	765	1	2	NULL	21715007	21715007	Química	Q
21715008	1721	C137	570	1	1	NULL	21715008	21715008	Fundamentos de Informática	FI
21715009	1721	C139	650	1	2	NULL	21715009	21715009	Organización y Gestión de Empresas	OGE
21715010	1721	C121	305	1	1	NULL	21715010	21715010	Expresión Gráfica y Diseño Asistido	EG
21715011	1721	C147	590	2	1	NULL	21715011	21715011	Termotecnia	TER
21715012	1721	C121	600	2	2	NULL	21715012	21715012	Mecánica de Fluidos	MF
21715013	1721	C128	65	1	2	NULL	21715013	21715013	Ciencia e Ingeniería de los Materiales	CIM
21715014	1721	C119	535	2	2	NULL	21715014	21715014	Electrotecnia	ET
21715015	1721	C140	250	2	2	NULL	21715015	21715015	Electrónica	EL
21715016	1721	C140	520	2	2	NULL	21715016	21715016	Automática	AUT
21715017	1721	C121	545	2	1	NULL	21715017	21715017	Teoría de Mecanismos y Máquinas	TMM
21715018	1721	C121	605	2	1	NULL	21715018	21715018	Elasticidad y Resistencia de Materiales I	ERM1
21715019	1721	C121	515	2	2	NULL	21715019	21715019	Ingeniería de Fabricación	IF
21715020	1721	C121	720	4	1	NULL	21715020	21715020	Proyectos de Ingeniería	PING
21715021	1721	C121	305	3	1	NULL	21720021	21715021	Dibujo Industrial	DI
21715022	1721	C149	790	2	1	NULL	21715022	21715022	Tecnología Ambiental	TA
21715023	1721	C139	650	3	2	NULL	21719023	21715023	Gestión de la Producción	GP
21715024	1721	C121	720	3	2	NULL	21718024	21715024	Prevención Industrial de Riesgos	PIR
21715025	1721	C119	535	3	1	17211	21718025	21715025	Máquinas Eléctricas	ME
21715026	1721	C119	535	3	2	17211	21718026	21715026	Accionamientos Eléctricos	AE
21715027	1721	C119	535	3	1	17219	21718027	21715027	Instalaciones Eléctricas	IE
21715028	1721	C119	535	3	2	17219	21718028	21715028	Líneas y Redes Eléctricas	LRE
21715029	1721	C119	535	3	1	17211	21718029	21715029	Sistemas Eléctricos de Potencia	SEP
21715030	1721	C140	520	3	1	17211	21718030	21715030	Regulación Automática	RGA
21715031	1721	C119	535	3	2	17211	21718031	21715031	Centrales Eléctricas	CE
21715032	1721	C119	535	3	1	17212	21719025	21715032	Ampliación de Electrotecnia	AET
21715033	1721	C140	250	3	1	17219	21719026	21715033	Electrónica Analógica	EA
21715034	1721	C140	520	3	1	17212	21719027	21715034	Electrónica Digital	ED
21715035	1721	C140	250	3	2	17212	21719028	21715035	Electrónica de Potencia	EP
21715036	1721	C140	250	3	2	17212	21719029	21715036	Instrumentación Electrónica	IEL
21715037	1721	C140	520	3	1	17219	21719030	21715037	Regulación Automática	RA
21715038	1721	C140	520	3	2	17219	21719031	21715038	Automatización Industrial	AI
21715039	1721	C140	520	3	2	17212	21719032	21715039	Informática Industrial	II
21715040	1721	C121	305	3	2	17213	21720025	21715040	Ingeniería Gráfica	IGF
21715041	1721	C121	545	3	2	17219	21720026	21715041	Cálculo, Construcción y Ensayo de Máquinas	CCEM
21715042	1721	C147	590	3	1	17213	21720027	21715042	Ingeniería Térmica	IT
21715043	1721	C121	605	3	1	17213	21720028	21715043	Elasticidad y Resistencia de Materiales II	ERM2
21715044	1721	C121	605	3	2	17219	21720029	21715044	Cálculo y Diseño de Estructuras	CDE
21715045	1721	C147	590	3	1	17219	21720030	21715045	Ingeniería Fluidomecánica	IFM
21715046	1721	C128	65	3	1	17213	21720031	21715046	Ingeniería y Tecnología de Materiales	ITM
21715047	1721	C121	515	3	2	17213	21720032	21715047	Tecnologías de Fabricación	TF
21715048	1721	C119	535	4	1	172111	21718032	21715048	Diseño de Subestaciones y Centros de Transformación	DSCT
21715049	1721	C119	535	4	1	172111	NULL	NULL	Construcción y Ensayo de Máquinas Eléctricas	CEME
21715050	1721	C119	535	4	2	172111	21718034	21715050	Generación Distribuida de Energía Eléctrica	GDEE
21715051	1721	C119	535	4	2	172112	21718035	21715051	Mantenimiento Industrial Eléctrico	MIE
21715052	1721	C119	535	4	1	172112	21718036	21715052	Calidad de Suministro	CS
21715053	1721	C119	535	4	1	172112	21718037	21715053	Medidas Eléctricas Industriales	MEI
21715054	1721	C140	250	4	1	172121	21719033	21715054	Diseño Electrónico Configurable	DEC
21715055	1721	C140	250	4	1	172121	21719034	21715055	Diseño y Desarrollo de Prototipos Electrónicos	DDPE
21715056	1721	C140	250	4	2	172121	21719035	21715056	Dispositivos Electrónicos Avanzados	DEA
21715057	1721	C140	520	4	1	172122	21719036	21715057	Sistemas Automáticos en Edificios Inteligentes	SAEI
21715058	1721	C140	520	4	2	172122	21719037	21715058	Técnicas Avanzadas de Simulación y Control de Procesos Industriales	TSCP
21715059	1721	C140	520	4	1	172122	21719038	21715059	Sistemas Automáticos Basados en Microcontroladores	SABM
21715060	1721	C121	545	4	1	172131	21720033	21715060	Aparatos de Elevación, Transporte y Manutención	AETM
21715061	1721	C121	545	4	1	172131	21720034	21715061	Mecánica de Robots	MR
21715062	1721	C121	545	4	2	172131	21720035	21715062	Mecanismos y Máquinas	MM
21715063	1721	C121	515	4	2	172132	21720036	21715063	Fabricación Asistida	FA
21715064	1721	C121	515	4	1	172132	21720037	21715064	Ingeniería de Procesos de Conformado con Conservación de Materiales	IPCCM
21715065	1721	C121	515	4	1	172132	21720038	21715065	Ingeniería del Mecanizado	IM
21715066	1721	C121	605	4	2	172133	21720039	21715066	Estructuras Metálicas, de Hormigón y Cimentaciones	EMHC
21715067	1721	C121	605	4	1	172133	21720040	21715067	Mecánica Analítica	MA
21715068	1721	C121	605	4	1	172133	21720041	21715068	Métodos de Análisis de Estructuras	MAE
21715069	1721	C140	35	4	2	17219	21715069	21715069	Aplicaciones Micro-Robóticas	AMR
21715070	1721	C121	515	4	1	17219	21715070	21715070	Gestión de la Calidad Industrial	GCI
21715071	1721	C101	595	4	1	17219	21715071	21715071	Modelos Matemáticos y Estadísticos en Ingeniería	MMEI
21715072	1721	C121	305	4	1	17219	21715072	21715072	Topografía	TP
21715073	1721	C147	590	4	2	17219	21715073	21715073	Climatización y Ahorro Energético en Edificios	CAEE
21715074	1721	C121	720	4	1	17219	21715074	21715074	Instalaciones Industriales	IIND
21715075	1721	C119	535	4	2	17219	21715075	21715075	Mantenimiento Industrial	MIND
21715076	1721	C121	305	4	1	17219	21715076	21715076	Oficina Técnica, Legislación y Normalización en Ingeniería Industrial	OTLN
21715077	1721	NULL	NULL	4	2	NULL	21715077	NULL	Trabajo Fin de Grado	TFG
21716001	1716	C101	595	1	1	NULL	21716001	21716001	Cálculo	CAL
21716002	1716	C146	265	1	1	NULL	21716002	21716002	Estadística	EST
21716003	1716	C142	385	1	1	NULL	21716003	21716003	Física I	FIS1
21716004	1716	C139	650	1	1	NULL	21716004	21716004	Organización y Gestión de Empresas	OGE
21716005	1716	C129	765	1	1	NULL	21716005	21716005	Química	Q
21716006	1716	C101	595	1	2	NULL	21716006	21716006	Álgebra y Geometría	ALG
21716007	1716	C137	570	1	2	NULL	21716007	21716007	Fundamentos de Informática	FI
21716008	1716	C142	385	1	2	NULL	21716008	21716008	Física II	FIS2
21716009	1716	C121	495	1	2	NULL	21716009	21716009	Introducción a la Ingeniería Aeroespacial	IIA
21716010	1716	C121	305	1	2	NULL	21716010	21716010	Expresión Gráfica y Diseño Asistido	EG
21716011	1716	C101	595	2	1	NULL	21716011	21716011	Ampliación de Matemáticas	AM
21716012	1716	C121	605	2	2	NULL	21716012	21716012	Elasticidad y Resistencia de Materiales	ERM
21716013	1716	C128	65	2	1	NULL	21716013	21716013	Ciencia e Ingeniería de Materiales	CIM
21716014	1716	C121	515	2	2	NULL	21716014	21716014	Ingeniería de Fabricación	IF
21716015	1716	C147	590	2	1	NULL	21716015	21716015	Termodinámica	T
21716016	1716	C121	495	3	1	NULL	21716016	21716016	Navegación Aérea	NA
21716017	1716	C121	600	3	1	NULL	21716017	21716017	Aerodinámica I	AD1
21716018	1716	C121	495	3	2	NULL	21716018	21716018	Aeropuertos	AP
21716019	1716	C121	600	2	1	NULL	21716019	21716019	Mecánica de Fluidos I	MF1
21716020	1716	C121	495	4	2	NULL	21716020	21716020	Proyectos de Ingeniería Aeroespacial	PIA
21716021	1716	C147	590	3	1	NULL	21716021	21716021	Fundamentos de Propulsión	FP
21716022	1716	C101	595	2	2	NULL	21716022	21716022	Métodos Numéricos Avanzados	MN
21716023	1716	C119	535	2	1	NULL	21716023	21716023	Electricidad	E
21716024	1716	C140	250	2	2	NULL	21716024	21716024	Electrónica	EL
21716025	1716	C140	520	2	2	NULL	21716025	21716025	Automática	AUT
21716026	1716	C121	545	3	1	17161	21716026	21716026	Mecánica y Vibraciones	MYV
21716027	1716	C121	600	3	2	17161	21716027	21716027	Aerodinámica y Aeroelasticidad	AD-AE
21716028	1716	C121	495	3	2	17161	21716028	21716028	Mecánica del Vuelo (Aeronaves)	MV(a)
21716029	1716	C121	495	3	1	17161	21716029	21716029	Estructuras Aeronáuticas	EAN
21716030	1716	C121	495	4	2	17161	21716030	21716030	Mantenimiento y Certificación de Vehículos Aeroespaciales	MCVA
21716031	1716	C121	495	4	1	17161	21716031	21716031	Aeronaves	AER
21716032	1716	C137	800	3	2	17161	21716032	21716032	Aviónica y Sistemas de Ayuda a la Navegación	ASAN
21716033	1716	C121	305	4	1	17161	21716033	21716033	Diseño y Fabricación Asistidos por Ordenador	DFAO
21716034	1716	C121	600	2	2	NULL	21716034	21716034	Mecánica de Fluidos II	MF2
21716035	1716	C121	495	4	2	17162	21716035	21716035	Vehículos Aeroespaciales	VA
21716036	1716	C121	600	3	2	17162	21716036	21716036	Aerodinámica II	AD2
21716037	1716	C121	495	3	1	17162	21716037	21716037	Elementos Estructurales Aeronáuticos	EEA
21716038	1716	C147	590	3	2	17162	21716038	21716038	Sistemas de Propulsión Aeroespacial	SPA
21716039	1716	C128	65	3	1	17162	21716039	21716039	Materiales Aeroespaciales	MAT-A
21716040	1716	C128	65	4	1	17162	21716040	21716040	Comportamiento y Control de Materiales Aeroespaciales	CCMA
21716041	1716	C121	515	4	1	17162	21716041	21716041	Tecnologías de Conformado de Materiales Aeroespaciales	TCMA
21716042	1716	C140	520	4	1	17162	21716042	21716042	Equipos y Sistemas de Control Aeroespaciales	ESCA
21716043	1716	C147	590	3	2	17161	21716043	21716043	Motores de Aeronaves	MOT-A
21716044	1716	C128	760	3	2	17162	21716044	21716044	Corrosión y Protección de Materiales Aeroespaciales	CPMA
21716045	1716	C121	515	4	1	NULL	21716045	21716045	Ingeniería de la Calidad en Entornos Aeronáuticos	ICEA
21716046	1716	C115	345	4	1	NULL	21716046	21716046	Inglés para Ingenieros	II
21716047	1716	C121	305	4	1	NULL	21716047	21716047	Elementos Avanzados de Diseño Aeronáutico	EADA
21716048	1716	C121	515	4	1	NULL	21716048	21716048	Ingeniería de Producción Aeronáutica	IPA
21716049	1716	C121	720	4	1	NULL	21716049	21716049	Estrategias de Seguridad y Medioambiente	ESM
21716050	1716	C137	800	4	1	NULL	NULL	NULL	Sistemas de Telecomunicaciones en Ingeniería Aeronáutica	STIA
21716051	1716	NULL	NULL	4	2	NULL	21716051	NULL	Proyecto Fin de Grado	PFG
21716052	1716	C121	495	3	2	17162	21716052	21716052	Mecánica del Vuelo (Equipos y Materiales Aeroespaciales)	MV(e)
21716063	1716	NULL	NULL	4	1	NULL	NULL	NULL	Prácticas Curriculares	PC
21717001	1717	C146	265	1	1	NULL	21717001	21717001	Estadística	EST
21717001	1724	C146	265	1	1	NULL	21717001	21717001	Estadística	EST
21717002	1717	C101	595	1	1	NULL	21717002	21717002	Cálculo	CAL
21717002	1724	C101	595	1	1	NULL	21717002	21717002	Cálculo	CAL
21717003	1717	C139	650	1	1	NULL	21717003	21717003	Organización y Gestión de Empresas	OGE
21717003	1724	C139	650	1	1	NULL	21717003	21717003	Organización y Gestión de Empresas	OGE
21717004	1717	C142	385	1	1	NULL	21717004	21717004	Física I	FIS1
21717004	1724	C142	385	1	1	NULL	21717004	21717004	Física I	FIS1
21717005	1717	C121	305	1	1	NULL	21717005	21717005	Expresión Gráfica y Diseño Asistido	EG
21717005	1724	C121	305	1	1	NULL	21717005	21717005	Expresión Gráfica y Diseño Asistido	EG
21717006	1717	C137	570	1	2	NULL	21717006	21717006	Fundamentos de Informática	FI
21717006	1724	C137	570	1	2	NULL	21717006	21717006	Fundamentos de Informática	FI
21717007	1717	C101	595	1	2	NULL	21717007	21717007	Álgebra y Geometría	ALG
21717007	1724	C101	595	1	2	NULL	21717007	21717007	Álgebra y Geometría	ALG
21717008	1717	C129	765	1	2	NULL	21717008	21717008	Química	Q
21717008	1724	C129	765	1	2	NULL	21717008	21717008	Química	Q
21717009	1717	C142	385	1	2	NULL	21717009	21717009	Física II	FIS2
21717009	1724	C142	385	1	2	NULL	21717009	21717009	Física II	FIS2
21717010	1717	C121	305	1	2	NULL	21717010	21717010	Teoría y Estética del Diseño Industrial	TEDI
21717010	1724	C121	305	1	2	NULL	21717010	21717010	Teoría y Estética del Diseño Industrial	TEDI
21717011	1717	C101	595	2	1	NULL	21717011	21717011	Ampliación de Matemáticas	AM
21717011	1724	C101	595	2	1	NULL	21717011	21717011	Ampliación de Matemáticas	AM
21717012	1717	C147	590	3	2	NULL	21717012	21717012	Ingeniería Energética y Fluidomecánica	IEFM
21717012	1724	C147	590	3	2	NULL	21717012	21717012	Ingeniería Energética y Fluidomecánica	IEFM
21717013	1717	C121	605	2	2	NULL	21717013	21717013	Resistencia de Materiales	RM
21717013	1724	C121	605	2	2	NULL	21717013	21717013	Resistencia de Materiales	RM
21717014	1717	C121	545	2	2	NULL	21717014	21717014	Teoría de Mecanismos y Máquinas	TMM
21717014	1724	C121	545	2	2	NULL	21717014	21717014	Teoría de Mecanismos y Máquinas	TMM
21717015	1717	C119	535	2	2	NULL	21717015	21717015	Fundamentos de Ingeniería Eléctrica	FIE
21717015	1724	C119	535	2	2	NULL	21717015	21717015	Fundamentos de Ingeniería Eléctrica	FIE
21717016	1717	C140	520	2	2	NULL	21717016	21717016	Electrónica y Automatización del Producto	EAP
21717016	1724	C140	520	2	2	NULL	21717016	21717016	Electrónica y Automatización del Producto	EAP
21717017	1717	C128	65	2	1	NULL	21717017	21717017	Ciencia e Ingeniería de los Materiales	CIM
21717017	1724	C128	65	2	1	NULL	21717017	21717017	Ciencia e Ingeniería de los Materiales	CIM
21717018	1717	C121	515	2	1	NULL	21717018	21717018	Procesos Industriales	PI
21717018	1724	C121	515	2	1	NULL	21717018	21717018	Procesos Industriales	PI
21717019	1717	C121	305	2	2	NULL	21717019	21717019	Dibujo Técnico del Producto	DTP
21717019	1724	C121	305	2	2	NULL	21717019	21717019	Dibujo Técnico del Producto	DTP
21717020	1717	C121	720	4	2	NULL	21717020	21717020	Proyectos de Diseño	PYTD
21717021	1717	C121	305	2	1	NULL	21717021	21717021	Desarrollo Histórico-Culturales del Diseño Industrial	DHDI
21717021	1724	C121	305	2	1	NULL	21717021	21717021	Desarrollo Histórico-Culturales del Diseño Industrial	DHDI
21717022	1717	C121	305	3	1	NULL	21717022	21717022	Fundamentos del Diseño	FD
21717022	1724	C121	305	3	1	NULL	21717022	21717022	Fundamentos del Diseño	FD
21717023	1717	C121	305	3	2	NULL	21717023	21717023	Diseño de Comunicación	DC
21717023	1724	C121	305	3	2	NULL	21717023	21717023	Diseño de Comunicación	DC
21717024	1717	C121	305	3	1	NULL	21717024	21717024	Metodología del Diseño	MTD
21717024	1724	C121	305	3	1	NULL	21717024	21717024	Metodología del Diseño	MTD
21717025	1717	C121	305	3	2	NULL	21717025	21717025	Diseño Ergonómico y Ecodiseño	DEE
21717025	1724	C121	305	3	2	NULL	21717025	21717025	Diseño Ergonómico y Ecodiseño	DEE
21717026	1717	C121	305	3	2	NULL	21717026	21717026	Envase y Embalaje	EE
21717026	1724	C121	305	3	2	NULL	21717026	21717026	Envase y Embalaje	EE
21717027	1717	C121	305	3	1	NULL	21717027	21717027	Diseño Asistido por Ordenador	DAO
21717027	1724	C121	305	3	1	NULL	21717027	21717027	Diseño Asistido por Ordenador	DAO
21717028	1717	C121	305	3	2	NULL	21717028	21717028	Ingeniería Gráfica del Producto	IGP
21717028	1724	C121	305	3	2	NULL	21717028	21717028	Ingeniería Gráfica del Producto	IGP
21717029	1717	C128	65	3	1	NULL	21717029	21717029	Materiales para el Diseño	MD
21717029	1724	C128	65	3	1	NULL	21717029	21717029	Materiales para el Diseño	MD
21717030	1717	C121	515	4	2	NULL	21717030	21717030	Calidad y Gestión del Diseño	CGD
21717030	1724	C121	515	4	2	NULL	21717030	21717030	Calidad y Gestión del Diseño	CGD
21717031	1717	C137	570	4	1	NULL	21717031	21717031	Creación Digital	CD
21717031	1724	C137	570	5	1	17242	21717031	21717031	Creación Digital	CD
21717032	1717	C121	305	4	1	NULL	21717032	21717032	Diseño Corporativo e Identidad Visual	DCIV
21717032	1724	C121	305	5	1	17242	21717032	21717032	Diseño Corporativo e Identidad Visual	DCIV
21717033	1717	C121	305	4	1	17171	21717033	21717033	Taller de Diseño	TD
21717033	1724	C121	305	5	1	17242	21717033	21717033	Taller de Diseño	TD
21717034	1717	C121	305	4	1	17171	21717034	21717034	Fotografía y Tratamiento Digital	FTD
21717034	1724	C121	305	5	1	17242	21717034	21717034	Fotografía y Tratamiento Digital	FTD
21717035	1717	C121	305	4	1	17171	21717035	21717035	Creación de Nuevos Productos	CNP
21717035	1724	C121	305	5	1	17242	21717035	21717035	Creación de Nuevos Productos	CNP
21717036	1717	C146	265	4	1	17172	21717036	21717036	Desarrollo Óptimo del Producto y Diseño de Experimentos	DOP
21717036	1724	C146	265	5	1	17242	21717036	21717036	Desarrollo Óptimo del Producto y Diseño de Experimentos	DOP
21717037	1717	C121	515	4	1	17172	21717037	21717037	Gestión del Ciclo de Vida del Producto. PLM-PDM	GCV
21717037	1724	C121	515	5	1	17242	21717037	21717037	Gestión del Ciclo de Vida del Producto. PLM-PDM	GCV
21717038	1717	C121	515	4	1	17172	21717038	21717038	Gestión y Evaluación Virtual del Producto	GEV
21717038	1724	C121	515	5	1	17242	21717038	21717038	Gestión y Evaluación Virtual del Producto	GEV
21717039	1717	NULL	NULL	4	2	NULL	21717039	NULL	Proyecto Fin de Grado	PFG
21717039	1724	NULL	NULL	5	2	NULL	21717039	NULL	Trabajo de Fin de Grado en Ingeniería en Diseño Industrial y Desarrollo del Producto	TFGIDIDP
21717050	1717	NULL	NULL	4	1	NULL	NULL	NULL	Prácticas Curriculares	PC
21717050	1724	NULL	NULL	5	1	17242	NULL	NULL	Prácticas Curriculares	PC
21718001	1718	C101	595	1	1	NULL	21718001	21715001	Álgebra y Geometría	ALG
21718001	1722	C101	595	1	1	NULL	21719001	21715001	Álgebra y Geometría	ALG
21718001	1723	C101	595	1	1	NULL	21718001	21715001	Álgebra y Geometría	ALG
21718002	1718	C101	595	1	1	NULL	21718002	21715002	Cálculo	CAL
21718002	1722	C101	595	1	1	NULL	21719002	21715002	Cálculo	CAL
21718002	1723	C101	595	1	1	NULL	21718002	21715002	Cálculo	CAL
21718003	1718	C146	265	1	2	NULL	21718003	21715003	Estadística	EST
21718003	1722	C146	265	1	2	NULL	21719003	21715003	Estadística	EST
21718003	1723	C146	265	1	2	NULL	21718003	21715003	Estadística	EST
21718004	1718	C101	595	2	1	NULL	21718004	21715004	Ampliación de Matemáticas	AM
21718004	1722	C101	595	2	1	NULL	21718004	21715004	Ampliación de Matemáticas	AM
21718004	1723	C101	595	2	1	NULL	21718004	21715004	Ampliación de Matemáticas	AM
21718005	1718	C142	385	1	1	NULL	21718005	21715005	Física I	FIS1
21718005	1722	C142	385	1	1	NULL	21719005	21715005	Física I	FIS1
21718005	1723	C142	385	1	1	NULL	21718005	21715005	Física I	FIS1
21718006	1718	C142	385	1	2	NULL	21718006	21715006	Física II	FIS2
21718006	1722	C142	385	1	2	NULL	21719006	21715006	Física II	FIS2
21718006	1723	C142	385	1	2	NULL	21718006	21715006	Física II	FIS2
21718007	1718	C129	765	1	2	NULL	21718007	21715007	Química	Q
21718007	1722	C129	765	1	2	NULL	21719007	21715007	Química	Q
21718007	1723	C129	765	1	2	NULL	21718007	21715007	Química	Q
21718008	1718	C137	570	1	1	NULL	21718008	21715008	Fundamentos de Informática	FI
21718008	1722	C137	570	1	1	NULL	21719008	21715008	Fundamentos de Informática	FI
21718008	1723	C137	570	1	1	NULL	21718008	21715008	Fundamentos de Informática	FI
21718009	1718	C139	650	1	2	NULL	21718009	21715009	Organización y Gestión de Empresas	OGE
21718009	1722	C139	650	1	2	NULL	21719009	21715009	Organización y Gestión de Empresas	OGE
21718009	1723	C139	650	1	2	NULL	21718009	21715009	Organización y Gestión de Empresas	OGE
21718010	1718	C121	305	1	1	NULL	21718010	21719010	Expresión Gráfica y Diseño Asistido	EG
21718010	1722	C121	305	1	1	NULL	21719010	21719010	Expresión Gráfica y Diseño Asistido	EG
21718010	1723	C121	305	1	1	NULL	21718010	21719010	Expresión Gráfica y Diseño Asistido	EG
21718011	1718	C147	590	2	1	NULL	21718011	21715011	Termotecnia	TER
21718011	1722	C147	590	2	1	NULL	21718011	21715011	Termotecnia	TER
21718011	1723	C147	590	2	1	NULL	21718011	21715011	Termotecnia	TER
21718012	1718	C121	600	2	2	NULL	21718012	21715012	Mecánica de Fluidos	MF
21718012	1722	C121	600	2	2	NULL	21718012	21715012	Mecánica de Fluidos	MF
21718012	1723	C121	600	2	2	NULL	21718012	21715012	Mecánica de Fluidos	MF
21718013	1718	C128	65	1	2	NULL	21718013	21715013	Ciencia e Ingeniería de los Materiales	CIM
21718013	1722	C128	65	1	2	NULL	21719013	21715013	Ciencia e Ingeniería de los Materiales	CIM
21718013	1723	C128	65	1	2	NULL	21718013	21715013	Ciencia e Ingeniería de los Materiales	CIM
21718014	1718	C119	535	2	2	NULL	21718014	21715014	Electrotecnia	ET
21718014	1722	C119	535	2	2	NULL	21718014	21715014	Electrotecnia	ET
21718014	1723	C119	535	2	2	NULL	21718014	21715014	Electrotecnia	ET
21718015	1718	C140	250	2	2	NULL	21718015	21719015	Electrónica	EL
21718015	1722	C140	250	2	2	NULL	21718015	21719015	Electrónica	EL
21718015	1723	C140	250	2	2	NULL	21718015	21719015	Electrónica	EL
21718016	1718	C140	520	2	2	NULL	21718016	21715016	Automática	AUT
21718016	1722	C140	520	2	2	NULL	21718016	21715016	Automática	AUT
21718016	1723	C140	520	2	2	NULL	21718016	21715016	Automática	AUT
21718017	1718	C121	545	2	1	NULL	21718017	21715017	Teoría de Mecanismos y Máquinas	TMM
21718017	1722	C121	545	2	1	NULL	21718017	21715017	Teoría de Mecanismos y Máquinas	TMM
21718017	1723	C121	545	2	1	NULL	21718017	21715017	Teoría de Mecanismos y Máquinas	TMM
21718018	1718	C121	605	2	1	NULL	21718018	21715018	Elasticidad y Resistencia de Materiales I	ERM1
21718018	1722	C121	605	2	1	NULL	21718018	21715018	Elasticidad y Resistencia de Materiales I	ERM1
21718018	1723	C121	605	2	1	NULL	21718018	21715018	Elasticidad y Resistencia de Materiales I	ERM1
21718019	1718	C121	515	2	2	NULL	21718019	21715019	Ingeniería de Fabricación	IF
21718019	1722	C121	515	2	2	NULL	21718019	21715019	Ingeniería de Fabricación	IF
21718019	1723	C121	515	2	2	NULL	21718019	21715019	Ingeniería de Fabricación	IF
21718020	1718	C121	720	4	1	NULL	21715020	21715020	Proyectos de Ingeniería	PING
21718020	1722	C121	720	4	1	NULL	21715020	21715020	Proyectos de Ingeniería	PING
21718020	1723	C121	720	4	1	NULL	21715020	21715020	Proyectos de Ingeniería	PING
21718021	1718	C121	305	3	1	NULL	21718021	21718021	Dibujo Industrial	DI
21718021	1722	C121	305	3	1	NULL	21718021	21718021	Dibujo Industrial	DI
21718022	1718	C149	790	2	1	NULL	21718022	21715022	Tecnología Ambiental	TA
21718022	1722	C149	790	2	1	NULL	21718022	21715022	Tecnología Ambiental	TA
21718022	1723	C149	790	2	1	NULL	21718022	21715022	Tecnología Ambiental	TA
21718023	1718	C139	650	3	2	NULL	21718023	21715023	Gestión de la Producción	GP
21718023	1722	C139	650	3	2	NULL	21718023	21715023	Gestión de la Producción	GP
21718024	1718	C121	720	3	2	NULL	21718024	21715024	Prevención Industrial de Riesgos	PIR
21718024	1722	C121	720	3	2	NULL	21718024	21715024	Prevención Industrial de Riesgos	PIR
21718025	1718	C119	535	3	1	NULL	21718025	21715025	Máquinas Eléctricas	ME
21718025	1722	C119	535	3	1	NULL	21718025	21715025	Máquinas Eléctricas	ME
21718025	1723	C119	535	4	1	NULL	21718025	21715025	Máquinas Eléctricas	ME
21718026	1718	C119	535	3	2	NULL	21718026	21715026	Accionamientos Eléctricos	AE
21718026	1722	C119	535	3	2	NULL	21718026	21715026	Accionamientos Eléctricos	AE
21718026	1723	C119	535	4	2	NULL	21718026	21715026	Accionamientos Eléctricos	AE
21718027	1718	C119	535	3	1	NULL	21718027	21715027	Instalaciones Eléctricas	IE
21718027	1722	C119	535	3	1	NULL	21718027	21715027	Instalaciones Eléctricas	IE
21718027	1723	C119	535	4	1	NULL	21718027	21715027	Instalaciones Eléctricas	IE
21718028	1718	C119	535	3	2	NULL	21718028	21715028	Líneas y Redes Eléctricas	LRE
21718028	1722	C119	535	3	2	NULL	21718028	21715028	Líneas y Redes Eléctricas	LRE
21718028	1723	C119	535	4	2	NULL	21718028	21715028	Líneas y Redes Eléctricas	LRE
21718029	1718	C119	535	3	1	NULL	21718029	21715029	Sistemas Eléctricos de Potencia	SEP
21718029	1722	C119	535	3	1	NULL	21718029	21715029	Sistemas Eléctricos de Potencia	SEP
21718029	1723	C119	535	4	1	NULL	21718029	21715029	Sistemas Eléctricos de Potencia	SEP
21718030	1718	C140	520	3	1	NULL	21718030	21715030	Regulación Automática	RGA
21718030	1722	C140	520	3	1	NULL	21718030	21715030	Regulación Automática	RGA
21718030	1723	C140	520	4	1	NULL	21718030	21715030	Regulación Automática	RGA
21718031	1718	C119	535	3	2	NULL	21718031	21715031	Centrales Eléctricas	CE
21718031	1722	C119	535	3	2	NULL	21718031	21715031	Centrales Eléctricas	CE
21718031	1723	C119	535	4	2	NULL	21718031	21715031	Centrales Eléctricas	CE
21718032	1718	C119	535	4	1	17181	21718032	21715048	Diseño de Subestaciones y Centros de Transformación	DSCT
21718032	1722	C119	535	4	1	17221	21718032	21715048	Diseño de Subestaciones y Centros de Transformación	DSCT
21718032	1723	C119	535	5	1	17232	21718032	21715048	Diseño de Subestaciones y Centros de Transformación	DSCT
21718033	1718	C119	535	4	1	17181	NULL	NULL	Construcción y Ensayo de Máquinas Eléctricas	CEME
21718033	1722	C119	535	4	1	17221	NULL	NULL	Construcción y Ensayo de Máquinas Eléctricas	CEME
21718033	1723	C119	535	5	1	17232	NULL	NULL	Construcción y Ensayo de Máquinas Eléctricas	CEME
21718034	1718	C119	535	4	2	17181	21718034	21715050	Generación Distribuida de Energía Eléctrica	GDEE
21718034	1722	C119	535	4	2	17221	21718034	21715050	Generación Distribuida de Energía Eléctrica	GDEE
21718034	1723	C119	535	4	2	17232	21718034	21715050	Generación Distribuida de Energía Eléctrica	GDEE
21718035	1718	C119	535	4	2	17182	21718035	21715051	Mantenimiento Industrial Eléctrico	MIE
21718035	1722	C119	535	4	2	17221	21718035	21715051	Mantenimiento Industrial Eléctrico	MIE
21718035	1723	C119	535	4	2	17232	21718035	21715051	Mantenimiento Industrial Eléctrico	MIE
21718036	1718	C119	535	4	1	17182	21718036	21715052	Calidad de Suministro	CS
21718036	1722	C119	535	4	1	17221	21718036	21715052	Calidad de Suministro	CS
21718036	1723	C119	535	5	1	17232	21718036	21715052	Calidad de Suministro	CS
21718037	1718	C119	535	4	1	17182	21718037	21715053	Medidas Eléctricas Industriales	MEI
21718037	1722	C119	535	4	1	17221	21718037	21715053	Medidas Eléctricas Industriales	MEI
21718037	1723	C119	535	5	1	17232	21718037	21715053	Medidas Eléctricas Industriales	MEI
21718038	1718	C140	35	4	2	17189	21715069	21715069	Aplicaciones Micro-Robóticas	AMR
21718038	1722	C140	35	4	2	17229	21715069	21715069	Aplicaciones Micro-Robóticas	AMR
21718038	1723	C140	35	4	2	17239	21715069	21715069	Aplicaciones Micro-Robóticas	AMR
21718039	1718	C121	515	4	1	17189	21715070	21715070	Gestión de la Calidad Industrial	GCI
21718039	1722	C121	515	4	1	17229	21715070	21715070	Gestión de la Calidad Industrial	GCI
21718039	1723	C121	515	5	1	17239	21715070	21715070	Gestión de la Calidad Industrial	GCI
21718040	1718	C101	595	4	1	17189	21715071	21715071	Modelos Matemáticos y Estadísticos en Ingeniería	MMEI
21718040	1722	C101	595	4	1	17229	21715071	21715071	Modelos Matemáticos y Estadísticos en Ingeniería	MMEI
21718040	1723	C101	595	5	1	17239	21715071	21715071	Modelos Matemáticos y Estadísticos en Ingeniería	MMEI
21718041	1718	C121	305	4	1	17189	21715072	21715072	Topografía	TP
21718041	1722	C121	305	4	1	17229	21715072	21715072	Topografía	TP
21718041	1723	C121	305	5	1	17239	21715072	21715072	Topografía	TP
21718042	1718	C147	590	4	2	17189	21715073	21715073	Climatización y Ahorro Energético en Edificios	CAEE
21718042	1722	C147	590	4	2	17229	21715073	21715073	Climatización y Ahorro Energético en Edificios	CAEE
21718042	1723	C147	590	4	2	17239	21715073	21715073	Climatización y Ahorro Energético en Edificios	CAEE
21718043	1718	C121	720	4	1	17189	21715074	21715074	Instalaciones Industriales	IIND
21718043	1722	C121	720	4	1	17229	21715074	21715074	Instalaciones Industriales	IIND
21718043	1723	C121	720	5	1	17239	21715074	21715074	Instalaciones Industriales	IIND
21718044	1718	C121	545	4	2	17189	21715075	21715075	Mantenimiento Industrial	MIND
21718044	1722	C121	545	4	2	17229	21715075	21715075	Mantenimiento Industrial	MIND
21718044	1723	C121	545	4	2	17239	21715075	21715075	Mantenimiento Industrial	MIND
21718045	1718	C121	305	4	1	17189	21715076	21715076	Oficina Técnica, Legislación y Normalización en Ingeniería Industrial	OTLN
21718045	1722	C121	305	4	1	17229	21715076	21715076	Oficina Técnica, Legislación y Normalización en Ingeniería Industrial	OTLN
21718045	1723	C121	305	5	1	17239	21715076	21715076	Oficina Técnica, Legislación y Normalización en Ingeniería Industrial	OTLN
21718046	1718	NULL	NULL	4	2	NULL	21718046	NULL	Trabajo Fin de Grado	TFG
21718046	1722	NULL	NULL	5	2	NULL	21718046	NULL	Trabajo de Fin de Grado en Ingeniería Eléctrica	TFGIE
21718046	1723	NULL	NULL	5	2	NULL	21718046	NULL	Trabajo de Fin de Grado en Ingeniería Eléctrica	TFGIE
21719001	1719	C101	595	1	1	NULL	21719001	21715001	Álgebra y Geometría	ALG
21719002	1719	C101	595	1	1	NULL	21719002	21715002	Cálculo	CAL
21719003	1719	C146	265	1	2	NULL	21719003	21715003	Estadística	EST
21719004	1719	C101	595	2	1	NULL	21718004	21715004	Ampliación de Matemáticas	AM
21719005	1719	C142	385	1	1	NULL	21719005	21715005	Física I	FIS1
21719006	1719	C142	385	1	2	NULL	21719006	21715006	Física II	FIS2
21719007	1719	C129	765	1	2	NULL	21719007	21715007	Química	Q
21719008	1719	C137	570	1	1	NULL	21719008	21715008	Fundamentos de Informática	FI
21719009	1719	C139	650	1	2	NULL	21719009	21715009	Organización y Gestión de Empresas	OGE
21719010	1719	C121	305	1	1	NULL	21719010	21719010	Expresión Gráfica y Diseño Asistido	EG
21719011	1719	C147	590	2	1	NULL	21718011	21715011	Termotecnia	TER
21719012	1719	C121	600	2	2	NULL	21718012	21715012	Mecánica de Fluidos	MF
21719013	1719	C128	65	1	2	NULL	21719013	21715013	Ciencia e Ingeniería de los Materiales	CIM
21719014	1719	C119	535	2	2	NULL	21718014	21715014	Electrotecnia	ET
21719015	1719	C140	250	2	2	NULL	21718015	21719015	Electrónica	EL
21719016	1719	C140	520	2	2	NULL	21718016	21715016	Automática	AUT
21719017	1719	C121	545	2	1	NULL	21718017	21715017	Teoría de Mecanismos y Máquinas	TMM
21719018	1719	C121	605	2	1	NULL	21718018	21715018	Elasticidad y Resistencia de Materiales I	ERM1
21719019	1719	C121	515	2	2	NULL	21718019	21715019	Ingeniería de Fabricación	IF
21719020	1719	C121	720	4	1	NULL	21715020	21715020	Proyectos de Ingeniería	PING
21719021	1719	C121	305	3	1	NULL	21718021	21718021	Dibujo Industrial	DI
21719022	1719	C149	790	2	1	NULL	21718022	21715022	Tecnología Ambiental	TA
21719023	1719	C139	650	3	2	NULL	21719023	21715023	Gestión de la Producción	GP
21719024	1719	C121	720	3	2	NULL	21718024	21715024	Prevención Industrial de Riesgos	PIR
21719025	1719	C119	535	3	1	NULL	21719025	21715032	Ampliación de Electrotecnia	AET
21719026	1719	C140	250	3	1	NULL	21719026	21715033	Electrónica Analógica	EA
21719026	1722	C140	250	4	1	NULL	21719026	21715033	Electrónica Analógica	EA
21719027	1719	C140	520	3	1	NULL	21719027	21715034	Electrónica Digital	ED
21719027	1722	C140	520	4	1	NULL	21719027	21715034	Electrónica Digital	ED
21719028	1719	C140	250	3	2	NULL	21719028	21715035	Electrónica de Potencia	EP
21719028	1722	C140	250	4	2	NULL	21719028	21715035	Electrónica de Potencia	EP
21719029	1719	C140	250	3	2	NULL	21719029	21715036	Instrumentación Electrónica	IEL
21719029	1722	C140	250	4	2	NULL	21719029	21715036	Instrumentación Electrónica	IEL
21719030	1719	C140	520	3	1	NULL	21719030	21715037	Regulación Automática	RA
21719031	1719	C140	520	3	2	NULL	21719031	21715038	Automatización Industrial	AI
21719031	1722	C140	520	4	2	NULL	21719031	21715038	Automatización Industrial	AI
21719032	1719	C140	520	3	2	NULL	21719032	21715039	Informática Industrial	II
21719032	1722	C140	520	4	2	NULL	21719032	21715039	Informática Industrial	II
21719033	1719	C140	250	4	1	17191	21719033	21715054	Diseño Electrónico Configurable	DEC
21719033	1722	C140	250	4	1	17222	21719033	21715054	Diseño Electrónico Configurable	DEC
21719034	1719	C140	250	4	1	17191	21719034	21715055	Diseño y Desarrollo de Prototipos Electrónicos	DDPE
21719034	1722	C140	250	4	1	17222	21719034	21715055	Diseño y Desarrollo de Prototipos Electrónicos	DDPE
21719035	1719	C140	250	4	2	17191	21719035	21715056	Dispositivos Electrónicos Avanzados	DEA
21719035	1722	C140	250	4	2	17222	21719035	21715056	Dispositivos Electrónicos Avanzados	DEA
21719036	1719	C140	520	4	1	17192	21719036	21715057	Sistemas Automáticos en Edificios Inteligentes	SAEI
21719036	1722	C140	520	4	1	17222	21719036	21715057	Sistemas Automáticos en Edificios Inteligentes	SAEI
21719037	1719	C140	520	4	2	17192	21719037	21715058	Técnicas Avanzadas de Simulación y Control de Procesos Industriales	TSCP
21719037	1722	C140	520	4	2	17222	21719037	21715058	Técnicas Avanzadas de Simulación y Control de Procesos Industriales	TSCP
21719038	1719	C140	520	4	1	17192	21719038	21715059	Sistemas Automáticos Basados en Microcontroladores	SABM
21719038	1722	C140	520	4	1	17222	21719038	21715059	Sistemas Automáticos Basados en Microcontroladores	SABM
21719039	1719	C140	35	4	2	17199	21715069	21715069	Aplicaciones Micro-Robóticas	AMR
21719040	1719	C121	515	4	1	17199	21715070	21715070	Gestión de la Calidad Industrial	GCI
21719041	1719	C101	595	4	1	17199	21715071	21715071	Modelos Matemáticos y Estadísticos en Ingeniería	MMEI
21719042	1719	C121	305	4	1	17199	21715072	21715072	Topografía	TP
21719043	1719	C147	590	4	2	17199	21715073	21715073	Climatización y Ahorro Energético en Edificios	CAEE
21719044	1719	C121	720	4	1	17199	21715074	21715074	Instalaciones Industriales	IIND
21719045	1719	C121	545	4	2	17199	21715075	21715075	Mantenimiento Industrial	MIND
21719046	1719	C121	305	4	1	17199	21715076	21715076	Oficina Técnica, Legislación y Normalización en Ingeniería Industrial	OTLN
21719047	1719	NULL	NULL	4	2	NULL	21719047	NULL	Trabajo Fin de Grado	TFG
21719047	1722	NULL	NULL	5	2	NULL	21719047	NULL	Trabajo de Fin de Grado en Ingeniería Electrónica Industrial	TFGIEI
21720001	1720	C101	595	1	1	NULL	21720001	21715001	Álgebra y Geometría	ALG
21720002	1720	C101	595	1	1	NULL	21720002	21715002	Cálculo	CAL
21720003	1720	C146	265	1	2	NULL	21720003	21715003	Estadística	EST
21720004	1720	C101	595	2	1	NULL	21720004	21715004	Ampliación de Matemáticas	AM
21720005	1720	C142	385	1	1	NULL	21720005	21715005	Física I	FIS1
21720006	1720	C142	385	1	2	NULL	21720006	21715006	Física II	FIS2
21720007	1720	C129	765	1	2	NULL	21720007	21715007	Química	Q
21720008	1720	C137	570	1	1	NULL	21720008	21715008	Fundamentos de Informática	FI
21720009	1720	C139	650	1	2	NULL	21720009	21715009	Organización y Gestión de Empresas	OGE
21720010	1720	C121	305	1	1	NULL	21720010	21715010	Expresión Gráfica y Diseño Asistido	EG
21720011	1720	C147	590	2	1	NULL	21720011	21715011	Termotecnia	TER
21720012	1720	C121	600	2	2	NULL	21720012	21715012	Mecánica de Fluidos	MF
21720013	1720	C128	65	1	2	NULL	21720013	21715013	Ciencia e Ingeniería de los Materiales	CIM
21720014	1720	C119	535	2	2	NULL	21720014	21715014	Electrotecnia	ET
21720015	1720	C140	250	2	2	NULL	21720015	21715015	Electrónica	EL
21720016	1720	C140	520	2	2	NULL	21720016	21715016	Automática	AUT
21720017	1720	C121	545	2	1	NULL	21720017	21715017	Teoría de Mecanismos y Máquinas	TMM
21720018	1720	C121	605	2	1	NULL	21720018	21715018	Elasticidad y Resistencia de Materiales I	ERM1
21720019	1720	C121	515	2	2	NULL	21720019	21715019	Ingeniería de Fabricación	IF
21720020	1720	C121	720	4	1	NULL	21715020	21715020	Proyectos de Ingeniería	PING
21720020	1724	C121	720	4	1	NULL	21715020	21715020	Proyectos de Ingeniería	PING
21720021	1720	C121	305	3	1	NULL	21720021	21715021	Dibujo Industrial	DI
21720021	1723	C121	305	3	1	NULL	21720021	21715021	Dibujo Industrial	DI
21720022	1720	C149	790	2	1	NULL	21720022	21715022	Tecnología Ambiental	TA
21720022	1724	C149	790	4	1	NULL	21720022	21715022	Tecnología Ambiental	TA
21720023	1720	C139	650	3	2	NULL	21718023	21715023	Gestión de la Producción	GP
21720023	1723	C139	650	3	2	NULL	21718023	21715023	Gestión de la Producción	GP
21720023	1724	C139	650	4	2	NULL	21718023	21715023	Gestión de la Producción	GP
21720024	1720	C121	720	3	2	NULL	21720024	21715024	Prevención Industrial de Riesgos	PIR
21720024	1723	C121	720	3	2	NULL	21720024	21715024	Prevención Industrial de Riesgos	PIR
21720024	1724	C121	720	4	2	NULL	21720024	21715024	Prevención Industrial de Riesgos	PIR
21720025	1720	C121	305	3	2	NULL	21720025	21715040	Ingeniería Gráfica	IGF
21720025	1723	C121	305	3	2	NULL	21720025	21715040	Ingeniería Gráfica	IGF
21720026	1720	C121	545	3	2	NULL	21720026	21715041	Cálculo, Construcción y Ensayo de Máquinas	CCEM
21720026	1723	C121	545	3	2	NULL	21720026	21715041	Cálculo, Construcción y Ensayo de Máquinas	CCEM
21720026	1724	C121	545	4	2	NULL	21720026	21715041	Cálculo, Construcción y Ensayo de Máquinas	CCEM
21720027	1720	C147	590	3	1	NULL	21720027	21715042	Ingeniería Térmica	IT
21720027	1723	C147	590	3	1	NULL	21720027	21715042	Ingeniería Térmica	IT
21720027	1724	C147	590	4	1	NULL	21720027	21715042	Ingeniería Térmica	IT
21720028	1720	C121	605	3	1	NULL	21720028	21715043	Elasticidad y Resistencia de Materiales II	ERM2
21720028	1723	C121	605	3	1	NULL	21720028	21715043	Elasticidad y Resistencia de Materiales II	ERM2
21720028	1724	C121	605	4	1	NULL	21720028	21715043	Elasticidad y Resistencia de Materiales II	ERM2
21720029	1720	C121	605	3	2	NULL	21720029	21715044	Cálculo y Diseño de Estructuras	CDE
21720029	1723	C121	605	3	2	NULL	21720029	21715044	Cálculo y Diseño de Estructuras	CDE
21720029	1724	C121	605	4	2	NULL	21720029	21715044	Cálculo y Diseño de Estructuras	CDE
21720030	1720	C147	590	3	1	NULL	21720030	21715045	Ingeniería Fluidomecánica	IFM
21720030	1723	C147	590	3	1	NULL	21720030	21715045	Ingeniería Fluidomecánica	IFM
21720030	1724	C147	590	4	1	NULL	21720030	21715045	Ingeniería Fluidomecánica	IFM
21720031	1720	C128	65	3	1	NULL	21720031	21715046	Ingeniería y Tecnología de Materiales	ITM
21720031	1723	C128	65	3	1	NULL	21720031	21715046	Ingeniería y Tecnología de Materiales	ITM
21720032	1720	C121	515	3	2	NULL	21720032	21715047	Tecnologías de Fabricación	TF
21720032	1723	C121	515	3	2	NULL	21720032	21715047	Tecnologías de Fabricación	TF
21720032	1724	C121	515	4	2	NULL	21720032	21715047	Tecnologías de Fabricación	TF
21720033	1720	C121	545	4	1	17201	21720033	21715060	Aparatos de Elevación, Transporte y Manutención	AETM
21720033	1723	C121	545	5	1	17231	21720033	21715060	Aparatos de Elevación, Transporte y Manutención	AETM
21720033	1724	C121	545	5	1	17241	21720033	21715060	Aparatos de Elevación, Transporte y Manutención	AETM
21720034	1720	C121	545	4	1	17201	21720034	21715061	Mecánica de Robots	MR
21720034	1723	C121	545	5	1	17231	21720034	21715061	Mecánica de Robots	MR
21720034	1724	C121	545	5	1	17241	21720034	21715061	Mecánica de Robots	MR
21720035	1720	C121	545	4	2	17201	21720035	21715062	Mecanismos y Máquinas	MM
21720035	1723	C121	545	4	2	17231	21720035	21715062	Mecanismos y Máquinas	MM
21720036	1720	C121	515	4	2	17202	21720036	21715063	Fabricación Asistida	FA
21720036	1723	C121	515	4	2	17231	21720036	21715063	Fabricación Asistida	FA
21720037	1720	C121	515	4	1	17202	21720037	21715064	Ingeniería de Procesos de Conformado con Conservación de Materiales	IPCCM
21720037	1723	C121	515	5	1	17231	21720037	21715064	Ingeniería de Procesos de Conformado con Conservación de Materiales	IPCCM
21720037	1724	C121	515	5	1	17241	21720037	21715064	Ingeniería de Procesos de Conformado con Conservación de Materiales	IPCCM
21720038	1720	C121	515	4	1	17202	21720038	21715065	Ingeniería del Mecanizado	IM
21720038	1723	C121	515	5	1	17231	21720038	21715065	Ingeniería del Mecanizado	IM
21720038	1724	C121	515	5	1	17241	21720038	21715065	Ingeniería del Mecanizado	IM
21720039	1720	C121	605	4	2	17203	21720039	21715066	Estructuras Metálicas, de Hormigón y Cimentaciones	EMHC
21720039	1723	C121	605	4	2	17231	21720039	21715066	Estructuras Metálicas, de Hormigón y Cimentaciones	EMHC
21720040	1720	C121	605	4	1	17203	21720040	21715067	Mecánica Analítica	MA
21720040	1723	C121	605	5	1	17231	21720040	21715067	Mecánica Analítica	MA
21720040	1724	C121	605	5	1	17241	21720040	21715067	Mecánica Analítica	MA
21720041	1720	C121	605	4	1	17203	21720041	21715068	Métodos de Análisis de Estructuras	MAE
21720041	1723	C121	605	5	1	17231	21720041	21715068	Métodos de Análisis de Estructuras	MAE
21720041	1724	C121	605	5	1	17241	21720041	21715068	Métodos de Análisis de Estructuras	MAE
21720042	1720	C140	35	4	2	17209	21715069	21715069	Aplicaciones Micro-Robóticas	AMR
21720043	1720	C121	515	4	1	17209	21715070	21715070	Gestión de la Calidad Industrial	GCI
21720043	1724	C121	515	5	1	17249	21715070	21715070	Gestión de la Calidad Industrial	GCI
21720044	1720	C101	595	4	1	17209	21715071	21715071	Modelos Matemáticos y Estadísticos en Ingeniería	MMEI
21720044	1724	C101	595	5	1	17249	21715071	21715071	Modelos Matemáticos y Estadísticos en Ingeniería	MMEI
21720045	1720	C121	305	4	1	17209	21715072	21715072	Topografía	TP
21720045	1724	C121	305	5	1	17249	21715072	21715072	Topografía	TP
21720046	1720	C147	590	4	2	17209	21715073	21715073	Climatización y Ahorro Energético en Edificios	CAEE
21720047	1720	C121	720	4	1	17209	21715074	21715074	Instalaciones Industriales	IIND
21720047	1724	C121	720	5	1	17249	21715074	21715074	Instalaciones Industriales	IIND
21720048	1720	C121	545	4	2	17209	21715075	21715075	Mantenimiento Industrial	MIND
21720049	1720	C121	305	4	1	17209	21715076	21715076	Oficina Técnica, Legislación y Normalización en Ingeniería Industrial	OTLN
21720049	1724	C121	305	5	1	17249	21715076	21715076	Oficina Técnica, Legislación y Normalización en Ingeniería Industrial	OTLN
21720050	1720	NULL	NULL	4	2	NULL	21720050	NULL	Trabajo Fin de Grado	TFG
21720050	1723	NULL	NULL	5	2	NULL	21720050	NULL	Trabajo de Fin de Grado en Ingeniería Mecánica	TFGIM
21720050	1724	NULL	NULL	5	2	NULL	21720050	NULL	Trabajo de Fin de Grado en Ingeniería Mecánica	TFGIM
